,MAE_orig,MSE_orig,MAE_vae,MSE_vae
ElasticNet,8.48098664854852,137.83152862160568,8.48098664854852,137.83152862160568
SVR,8.619908276437458,166.7395824196764,8.619908276437458,166.7395824196764
DecisionTree,9.586235508658008,188.27944651894563,9.586235508658008,188.27944651894563
LightGBM,9.614569742018144,174.6532094570953,9.614569742018144,174.6532094570953
XGBoost,9.40982042235136,175.9923947891046,9.40982042235136,175.9923947891046
